대여소 번호,보관소(대여소)명,자치구,상세주소,위도,경도,설치시기,LCD,QR,운영 방식
1695,월계미륭아파트 정문,노원구,노원구 월계동 14 ,37.623417,127.066933,2020-06-17,0.0,10.0,QR
2413,도곡역 1번 출구,강남구,남부순환로 2814,37.490959,127.054985,2020-02-18,0.0,20.0,QR
2414,도곡역 아카데미스위트 앞,강남구,언주로30길 21,37.488972,127.051827,2020-02-18,0.0,20.0,QR
2415,한티역 롯데백화점 앞,강남구,선릉로 228,37.496674,127.053429,2020-02-14,0.0,15.0,QR
2416,한티역 6번 출구,강남구,선릉로 227,37.495899,127.052193,2020-02-14,0.0,10.0,QR
2417,선정릉 일등 추어탕 앞,강남구,선릉로 551,37.507999,127.04525,2020-02-14,0.0,10.0,QR
2418,봉은사역 7번 출구,강남구,봉은사로 601,37.513935,127.059822,2020-02-14,0.0,10.0,QR
2419,"봉은사역 1,2번 출구",강남구,봉은사로 601,37.514309,127.0597,2020-02-14,0.0,20.0,QR
2420,학여울역 사거리(LG베스트샵 앞),강남구,영동대로 202,37.496895,127.070137,2020-02-18,0.0,20.0,QR
2421,신논현역 4번출구,강남구,봉은사로 110,37.504673,127.025795,2020-02-14,0.0,15.0,QR
2422,수서동 성당 맞은편,강남구,광평로34길 202,37.484169,127.094849,2020-02-18,0.0,10.0,QR
2423,영희초교 사거리(래미안개포루체하임),강남구,개포로110길 50,37.490837,127.08065,2020-02-18,0.0,10.0,QR
2425,세곡동 사거리(대왕초등학교 정류장),강남구,헌릉로618길 8,37.464619,127.10685,2020-02-18,0.0,20.0,QR
2426,강남한신휴플러스 6단지,강남구,강남구 율현동 333-1,37.468296,127.104698,2020-02-18,0.0,10.0,QR
2427,개포고등학교 정문앞,강남구,강남구 개포로402,37.484852,127.058373,2020-02-18,0.0,10.0,QR
2428,롯데리아 개포점앞,강남구,강남구 선릉로26,37.482368,127.061188,2020-02-18,0.0,10.0,QR
2429,압구정로데오역 6번출구,강남구,선릉로845,37.527454,127.040428,2020-02-14,0.0,10.0,QR
2430,강남파이낸스센터앞(역삼역2번출구),강남구,테헤란로152,37.500244,127.036057,2020-02-14,0.0,10.0,QR
2431,대치역 7번출구,강남구,남부순환로155,37.494118,127.062904,2020-02-18,0.0,10.0,QR
1063,강동롯데캐슬퍼스트 아파트(관리동),강동구,강동구 고덕로 131,37.556664,127.142738,2020-01-13,0.0,15.0,QR
1064,중앙보훈병원역 1번출구,강동구,둔촌동 산17-4 ,37.527794,127.147644,2020-01-09,0.0,15.0,QR
1065,보훈병원 정문옆(중앙대영약국),강동구,동남로 635,37.531208,127.149269,2020-01-09,0.0,20.0,QR
1066,생태공원앞 교차로(조명탑),강동구,강동구 둔촌동 564,37.537766,127.152016,2020-01-09,0.0,20.0,QR
1067,한영중고앞사거리,강동구, 명일동 59 ,37.549053,127.156403,2020-01-15,0.0,20.0,QR
1068,명일파출소,강동구,동남로 895,37.55365,127.156227,2020-01-14,0.0,20.0,QR
1069,강동경희대학교병원 입구,강동구,동남로 892,37.553055,127.156883,2020-01-15,0.0,15.0,QR
1070,(시립)고덕평생학습관,강동구,고덕로 295,37.555702,127.157921,2020-01-14,0.0,10.0,QR
1071,명일근린공원공동체텃밭,강동구,상일동 145-6,37.555687,127.159912,2020-01-13,0.0,15.0,QR
1072,고덕역 5번출구,강동구,5호선 고덕역 5번출구 뒤,37.554863,127.153725,2020-01-13,0.0,10.0,QR
1073,SSTS 몰 앞,강동구,양재대로 1517,37.541145,127.141052,2020-01-10,0.0,10.0,QR
1074,대명초교입구 사거리,강동구,명일동 59 ,37.546837,127.149162,2020-01-10,0.0,15.0,QR
1075,천동초교 삼거리,강동구,천호동 114-2 (정자 쉼터),37.541363,127.137184,2020-01-10,0.0,10.0,QR
1076,전자랜드 길동점,강동구,양재대로 1504,37.539894,127.141037,2020-01-10,0.0,10.0,QR
1077,강동역 1번출구 앞,강동구,천호동 571-2 ,37.536205,127.132561,2020-01-09,0.0,15.0,QR
1078,둔촌사거리,강동구,성내동 449-22 ,37.521976,127.133621,2020-01-14,0.0,20.0,QR
1079,강일동입구교차로,강동구,강일동 607-7,37.561844,127.170845,2020-01-13,0.0,15.0,QR
1080,엘웨딩,강동구,천호대로 1052,37.536831,127.128418,2020-01-09,0.0,10.0,QR
1081,트레빌빌딩,강동구,천호동451-20,37.536999,127.129532,2020-01-09,0.0,20.0,QR
1082,중앙보훈병원역3번출구,강동구,둔촌동6-14,37.52956,127.14901,2020-01-10,0.0,13.0,QR
1083,광문고교사거리(아이파크),강동구,고덕동302,37.560368,127.156593,2020-01-13,0.0,15.0,QR
1084,윤선생빌딩(JYP사옥),강동구,강남대로207(윤선생빌딩),37.52393,127.129128,2020-01-08,0.0,15.0,QR
1085,래미안 솔베뉴(고덕로),강동구,양재대로1650,37.554569,127.145874,2020-01-13,0.0,20.0,QR
1086,래미안 솔베뉴(구천면로),강동구,양재대로1650,37.550598,127.145454,2020-01-10,0.0,10.0,QR
1088,풍납사거리(강동),강동구,성내동451-3,37.528122,127.119522,2020-01-14,0.0,12.0,QR
1089,고덕 래미안힐스테이트(201동),강동구,고덕동 675,37.5606,127.146698,2020-01-13,0.0,10.0,QR
1090,상일동역 2번출구 앞,강동구,고덕로 333,37.556789,127.166145,2020-01-13,0.0,10.0,QR
1551,4.19탑 앞,강북구,수유동 567-69,37.646862,127.008812,2020-03-25,0.0,8.0,QR
1552,강북구청사거리(던킨도너츠 앞),강북구,강북구 번동 418-1,37.639202,127.027237,2020-03-25,0.0,8.0,QR
1553,예수그리스도후기성도교회 앞,강북구,강북구 번동 433-1,37.635204,127.033966,2020-03-26,0.0,15.0,QR
1554,번동사거리,강북구,강북구 번동 430-76,37.635391,127.034554,2020-03-25,0.0,10.0,QR
1557,신창교,강북구,강북구 번동 612-3,37.632381,127.039307,2020-03-27,0.0,10.0,QR
1558,강북문화정보도서관,강북구,강북구 번동 139-5,37.625526,127.037323,2020-03-26,0.0,15.0,QR
1560,도봉세무서 앞,강북구,강북구 도봉로 117,37.619808,127.028526,2020-03-27,0.0,10.0,QR
1564,4.19민주묘지역 1번출구,강북구,우이동72-229,37.649597,127.013847,2020-03-25,0.0,7.0,QR
1565,대한병원앞,강북구,수유동45-7,37.635612,127.022995,2020-03-25,0.0,15.0,QR
1566,삼각산 아이언APT앞,강북구,미아동812-6(정문),37.616516,127.018372,2020-03-26,0.0,15.0,QR
1568,4.19민주묘지 입구사거리,강북구,강북구 삼양료 504,37.647934,127.014572,2020-03-25,0.0,10.0,QR
1569,수유역2번출구,강북구,강북구 수유동,37.63797,127.025902,2020-03-28,0.0,10.0,QR
2703,서울도시가스 앞 ,강서구,강서구 공항대로 607 ,37.547485,126.872025,2020-03-16,0.0,20.0,QR
2704,홈플러스(강서점),강서구,강서구 화곡로 398 ,37.558334,126.854065,2020-03-16,0.0,10.0,QR
2706,강서공업고등학교 앞,강서구,"강서구 방화대로47가길 22, 411동 앞",37.576317,126.816498,2020-03-20,0.0,13.0,QR
2707,한강아파트,강서구,강서구 허준로 23,37.57037,126.844414,2020-03-20,0.0,13.0,QR
2708,강서한강자이타워 앞,강서구,강서구 양천로 401 ,37.564682,126.848908,2020-03-20,0.0,15.0,QR
2709,강변아파트 310동 앞,강서구,강서구 가양동 1459-8 ,37.564587,126.856918,2020-03-16,0.0,20.0,QR
2710,라이품 공영주차장 앞,강서구,강서구 강서로 515,37.570728,126.841568,2020-03-20,0.0,30.0,QR
2711,가로공원공영주차장 1번 출구,강서구,강서구 가로공원로 193,37.537361,126.837448,2020-03-18,0.0,9.0,QR
2712,화곡터널입구교차로,강서구,강서구 가로공원로 238 ,37.538338,126.842392,2020-03-17,0.0,10.0,QR
2713,우장초등학교 앞,강서구,강서구 화곡로 263,37.548534,126.846672,2020-03-17,0.0,13.0,QR
2714,발산1동주민센터교차로,강서구,강서구 강서로47길 86 ,37.553173,126.831238,2020-03-17,0.0,10.0,QR
2715,마곡나루역 2번 출구 ,강서구,강서구 마곡중앙5로 6 ,37.566883,126.827683,2020-05-27,0.0,25.0,QR
2716,롯데 R&D 센터,강서구,강서구 마곡동 301-2 ,37.569176,126.828217,2020-03-13,0.0,30.0,QR
2717,LG유플러스 마곡사옥,강서구,강서구 마곡중앙8로 71,37.561337,126.833901,2020-03-15,0.0,30.0,QR
2718,마곡수명산파크1단지,강서구,강서구 마곡동 728-148 ,37.554993,126.831894,2020-03-17,0.0,15.0,QR
2719,마곡문화공원,강서구,강서구 마곡중앙8로 20,37.561371,126.830124,2020-03-16,0.0,20.0,QR
2720,힐스테이트에코,강서구,강서구 마곡동 727-1120,37.559589,126.829781,2020-03-16,0.0,30.0,QR
2721,등촌1-10단지 교차로,강서구,강서구 강서로 419,37.563145,126.839562,2020-03-15,0.0,12.0,QR
2722,마곡 문영비지윅스,강서구,강서구 강서로 391,37.560604,126.83873,2020-03-15,0.0,20.0,QR
2723,마곡 필네이처,강서구,강서구 마곡동 727-1190,37.560894,126.836693,2020-03-16,0.0,13.0,QR
2724,(재)FITI시험연구원,강서구,강서구 마곡동 727-211,37.568665,126.838799,2020-03-20,0.0,25.0,QR
2725,서울식물원 식물문화센터,강서구,강서구 마곡동 727-305,37.569294,126.836197,2020-03-12,0.0,20.0,QR
2727,서울식물원 잔디마당 앞,강서구,강서구 마곡동 727-558,37.564087,126.830849,2020-03-15,0.0,20.0,QR
2728,마곡나루역 3번 출구,강서구,강서구 마곡동 372-23,37.565804,126.828079,2020-03-12,0.0,30.0,QR
2729,넥센 유니버시티 앞,강서구,강서구 마곡동 301-2,37.569485,126.828095,2020-03-13,0.0,30.0,QR
2730,마곡메가박스 앞,강서구,강서구 마곡동 727-1179,37.559128,126.834953,2020-03-15,0.0,30.0,QR
2731,명덕고교,강서구,강서구 마곡동 728-46,37.554951,126.834732,2020-03-16,0.0,14.0,QR
2732,마곡수명산 1-2단지 ,강서구,강서구 마곡동 728-350,37.555145,126.829453,2020-03-17,0.0,15.0,QR
2733,마곡13단지 정문 앞,강서구,강서구 마곡동 730-417 ,37.55854,126.820107,2020-03-20,0.0,15.0,QR
2735,마곡 공공청사,강서구,강서구 마곡서로 101 ,37.562294,126.823952,2020-03-13,0.0,30.0,QR
2736,마곡엠벨리7단지 M타워,강서구,강서구 마곡서로 133 ,37.566689,126.824699,2020-03-13,0.0,30.0,QR
2737,까치산역 3번 출구,강서구,강서로 45,37.531693,126.846588,2020-03-21,0.0,10.0,QR
2739,수명산파크1단지교차로,강서구,강서로47길 142,37.553585,126.828568,2020-03-17,0.0,10.0,QR
2740,마곡레포츠센터,강서구,양천로 251,37.57272,126.832069,2020-03-20,0.0,30.0,QR
2741,마곡수명산파크5-6단지,강서구,강서구 내발산동 751-1,37.550617,126.826881,2020-03-17,0.0,8.0,QR
2742,강서구민올림픽체육센터,강서구,화곡로65길 62,37.559402,126.850441,2020-03-17,0.0,10.0,QR
2186,우리은행 낙성대역지점,관악구,남부순환로 1889,37.478821,126.95961,2020-04-29,0.0,15.0,QR
2187,현대시장사거리(신한은행),관악구,은천로 110,37.486736,126.947517,2020-04-27,0.0,15.0,QR
2189,삼성서비스센터(관악점) ,관악구,남부순환로 1719,37.482754,126.941406,2020-04-29,0.0,15.0,QR
2190,도원맨션,관악구,남부순환로 1699,37.483688,126.939156,2020-04-30,0.0,12.0,QR
2191,대학동주민센터 ,관악구,신림로 115,37.470688,126.936485,2020-04-28,0.0,10.0,QR
2195,은천교회,관악구,남부순환로 1654,37.484646,126.934509,2020-04-27,0.0,15.0,QR
2196,삼화페인트 봉천점,관악구,남부순환로 1700,37.483311,126.939026,2020-04-28,0.0,10.0,QR
2198,사랑의병원,관악구,남부순환로 1868,37.479465,126.956932,2020-04-30,0.0,10.0,QR
2199,신봉천주유소,관악구,남부순환로 1884,37.478771,126.958695,2020-04-30,0.0,8.0,QR
2200,관악문화원 건너편,관악구,신림동 138-54,37.468567,126.946755,2020-04-28,0.0,20.0,QR
3304,낙성대역 5번 출구,관악구,남부순환로 1917,37.477753,126.962364,2020-04-29,0.0,15.0,QR
3305,낙성대역 8번 출구,관악구,남부순환로 1939,37.476776,126.964867,2020-04-29,0.0,10.0,QR
3306,서울신우초등학교,관악구,호암로 498,37.462147,126.931778,2020-04-28,0.0,10.0,QR
3307,봉천고개 육교,관악구,관악로 306,37.491226,126.956078,2020-04-26,0.0,15.0,QR
3310,영락고등학교,관악구,청룡16길 25,37.476627,126.943642,2020-04-28,0.0,15.0,QR
3311,서울대입구역 4번 출구,관악구,참숯5길 7,37.48122,126.951576,2020-04-30,0.0,12.0,QR
3563,구의7단지현대아파트,광진구,광진구 구의강변로3가길 39 ,37.53651,127.091393,2020-06-09,0.0,5.0,QR
3564,나루마당,광진구,구의동 148-1,37.547752,127.095757,2020-04-14,0.0,20.0,QR
3566,우성4차아파트,광진구,자양번영로 59,37.535072,127.076111,2020-04-14,0.0,10.0,QR
3569,건대병원후문,광진구,능동로120-1,37.539566,127.072441,2020-05-07,0.0,10.0,QR
3570,구의역 리버비스타 오피스텔,광진구,아차산로417,37.538097,127.08902,2020-04-14,0.0,10.0,QR
3571,화양 APT(횡단보도 옆),광진구,동일로24길5,37.54435,127.065407,2020-04-13,0.0,15.0,QR
3573,광나루안전체험관,광진구,능동로238,37.551338,127.076714,2020-04-13,0.0,15.0,QR
3575,자양사거리 (LG 유플러스),광진구,아차산로360,37.536575,127.082581,2020-04-14,0.0,6.0,QR
3577,신자초교 입구 교차로(SC제일은행),광진구,뚝섬로587,37.533386,127.075569,2020-04-14,0.0,10.0,QR
3578,중곡동 파크웨이빌딩,광진구,천호대로611,37.555008,127.085815,2020-04-14,0.0,9.0,QR
3579,광진 캠퍼스시티,광진구,동일로178,37.54789,127.067452,2020-04-13,0.0,20.0,QR
3581,광진광장,광진구,광나루로389,37.54747,127.073967,2020-04-16,0.0,15.0,QR
3582,화양동 우체국,광진구,광나루로356,37.547989,127.069504,2020-04-13,0.0,14.0,QR
3586,군자역 비채온 오피스텔,광진구,광진구 천호대로 530(군자동),37.557713,127.077271,2020-04-14,0.0,8.0,QR
2804,항동지구 6단지 602동 앞,구로구,구로구 항동 216-11 ,37.477375,126.820015,2020-03-03,0.0,20.0,QR
2805,구로자원순환센터 ,구로구,구로구 항동 216-11 ,37.48251,126.82576,2020-02-27,0.0,20.0,QR
2806,항동지구 4단지 입구,구로구,구로구 항동 82-9,37.482597,126.826454,2020-02-27,0.0,20.0,QR
2807,항동지구 1단지 105동 앞,구로구,구로구 항동 100-14,37.480629,126.821816,2020-02-28,0.0,20.0,QR
2808,항동지구 2단지 202동 앞,구로구,구로구 항동 113-1,37.480808,126.821907,2020-02-28,0.0,20.0,QR
2809,항동지구 11단지 1103동 앞,구로구,구로구 항동 169-1,37.477905,126.823113,2020-03-02,0.0,20.0,QR
2810,항동지구 3단지 311동 앞,구로구,구로구 항동 169-2,37.47794,126.823273,2020-03-02,0.0,20.0,QR
2812,항동프라자,구로구,구로구 항동 120-5,37.479832,126.822754,2020-03-02,0.0,18.0,QR
2813,항동지구 3단지 302동 앞,구로구,구로구 항동 135-26,37.47937,126.82547,2020-03-03,0.0,10.0,QR
2814,항동지구 10단지 1001동 앞,구로구,구로구 항동 135-11,37.479343,126.825638,2020-03-03,0.0,10.0,QR
2815,항동지구 7단지 정문,구로구,구로구 항동 207-1,37.476013,126.81646,2020-03-02,0.0,20.0,QR
2816,항동지구 8단지 803동옆(주차장입구),구로구,구로구 항동 220,37.474731,126.817009,2020-03-02,0.0,20.0,QR
2817,천왕이펜하우5단지 앞,구로구,구로구 천왕동 277-4,37.479897,126.84037,2020-02-27,0.0,15.0,QR
2818,천왕이펜하우스3단지 앞,구로구,구로구 천왕동 277-4,37.482239,126.838532,2020-02-27,0.0,20.0,QR
2819,하늘숲초등학교 앞,구로구,구로구 천왕동 산13-1,37.483665,126.841614,2020-02-27,0.0,15.0,QR
2820,신세기아파트 앞,구로구,구로구 개봉동 412-52,37.493965,126.853043,2020-03-03,0.0,20.0,QR
2821,청구아파트 앞,구로구,구로구 고척동 50-65,37.50119,126.863533,2020-03-09,0.0,10.0,QR
2822,제니스스포츠 앞,구로구,구로구 고척동 60-42,37.50452,126.870552,2020-03-09,0.0,20.0,QR
2823,중앙유통단지 앞,구로구,구로구 구로동 635-32,37.499813,126.874313,2020-03-09,0.0,10.0,QR
2824,미래사랑어린이공원 앞,구로구,구로구 신도림동 314-2,37.510063,126.889565,2020-03-04,0.0,10.0,QR
2825,초롱타운 앞,구로구,구로구 구로동 467-62,37.495453,126.880394,2020-03-03,0.0,10.0,QR
2826,가마산지하보도 옆,구로구,구로구 구로동 390-157,37.488647,126.88047,2020-03-03,0.0,10.0,QR
1861,IBK기업은행 석수역 지점 앞,금천구,시흥대로46 IBK기업은행 석수역 지점,37.436981,126.903297,2020-02-24,0.0,10.0,QR
1862,스타즈호텔독산 빌딩 앞,금천구,시흥대로 315,37.461346,126.897583,2020-02-24,0.0,30.0,QR
1863,위너스 스포츠클럽 골프연습장옆,금천구,시흥대로 302 옆,37.460537,126.898605,2020-02-24,0.0,14.0,QR
1864,산호시티빌 옆,금천구,시흥대로 251 옆,37.45652,126.899551,2020-02-26,0.0,15.0,QR
1865,금천구청앞(M빌딩),금천구,시흥대로67 옆,37.456333,126.896454,2020-02-24,0.0,10.0,QR
1866,서울안천초등학교 옆,금천구,한내로 69-16,37.457779,126.889427,2020-02-26,0.0,20.0,QR
1867,대륭포스트타워6차 앞,금천구,벚꽃로 298,37.480888,126.883804,2020-02-26,0.0,20.0,QR
1868,우리은행 시흥남자동화점 앞,금천구,시흥대로155,37.447853,126.902885,2020-02-24,0.0,15.0,QR
1869,롯데캐슬골드파크3차 301동 앞,금천구,"시흥대로291, 롯데캐슬3차 301동 앞",37.459019,126.896713,2020-02-26,0.0,15.0,QR
1870,독산3동주민센터 앞,금천구,독산로 317,37.475071,126.903359,2020-02-26,0.0,8.0,QR
1696,수락리버시티4단지,노원구,상계동 1195-1 ,37.686451,127.052834,2020-03-21,0.0,10.0,QR
1697,상계주공2단지 219동,노원구,상계동 740 ,37.650249,127.057152,2020-03-23,0.0,10.0,QR
1700,상계보람아파트 202동 ,노원구,상계동 456-23  ,37.665215,127.066139,2020-03-23,0.0,15.0,QR
2901,공릉동풍림아파트 101동,노원구,노원구 섬밭로 139,37.630001,127.065682,2020-03-24,0.0,8.0,QR
2902,공릉풍림아파트 108동,노원구,노원구 섬밭로 139,37.62862,127.06691,2020-03-24,0.0,12.0,QR
2903,월계초안아파트 1단지,노원구,노원구 덕릉로60길 185,37.633259,127.0439,2020-03-24,0.0,10.0,QR
2904,중계3차청구아파트,노원구,노원구 중계로 225,37.650505,127.073982,2020-03-24,0.0,8.0,QR
2905,중계주공6단지,노원구,노원구 한글비석로8길 41,37.648163,127.078987,2020-03-26,0.0,10.0,QR
2907, 월계중학교,노원구, 서울특별시 노원구 월계로45가길 54,37.630749,127.053108,2020-03-24,0.0,25.0,QR
2908, 광운대학교 중앙도서관,노원구, 서울 노원구 광운로 20,37.620003,127.058563,2020-03-24,0.0,20.0,QR
2909, 석계역 3번 출구,노원구, 서울 노원구 월계동,37.615459,127.067452,2020-03-25,0.0,10.0,QR
2910,도깨비시장,노원구, 노원구 동일로 1028,37.622093,127.074425,2020-03-25,0.0,10.0,QR
2911,상계역중앙시장,노원구, 서울 노원구 상계로27길 20,37.659233,127.072098,2020-03-23,0.0,30.0,QR
2912,대진고등학교,노원구, 서울 노원구 공릉로62가길 47,37.638191,127.073731,2020-03-23,0.0,20.0,QR
2913,상계8동 주민센터,노원구,서울시 노원구 동일로227길 85,37.666996,127.051529,2020-03-23,0.0,15.0,QR
2914,서울과학기술대학교(미래관),노원구,노원구 공릉동 172 ,37.628925,127.081429,2020-06-10,0.0,20.0,QR
2915,서울과학기술대학교(어학교육원),노원구,노원구 공릉동 172 ,37.635109,127.076599,2020-03-24,0.0,20.0,QR
2917,신창중학교 후문 맞은편 버스정류장,노원구,서울 노원구 월계로45길 92,37.628071,127.046921,2020-03-30,0.0,10.0,QR
2919,등나무 근린공원(시립북서울미술관 앞) ,노원구,노원구 중계동 508,37.639996,127.066574,2020-03-23,0.0,15.0,QR
2920,상계중학교(당현2교사거리),노원구,노원구 노원로 398 ,37.651035,127.06871,2020-03-23,0.0,15.0,QR
2921,중계역 2번출구,노원구,노원구 동일로 1308-1,37.645489,127.064583,2020-03-26,0.0,10.0,QR
1743,창동19단지아파트 관리사무소앞,도봉구,서울시 도봉구 창4동33번지,37.650391,127.052193,2020-03-17,0.0,10.0,QR
1744,KT방학지사 앞,도봉구,도봉구 방학동 726-92,37.665272,127.043144,2020-03-21,0.0,15.0,QR
1746, 다이소방학점 앞,도봉구, 도봉구 방학동 726-65,37.666233,127.04332,2020-03-21,0.0,10.0,QR
1748, 피자헛 앞(도봉병원 옆),도봉구, 도봉구 방학동 726-17,37.668983,127.043762,2020-03-21,0.0,7.0,QR
1749, ESA아파트 상가 앞,도봉구, 도봉구 방학동 726-73,37.666271,127.04599,2020-03-21,0.0,10.0,QR
1750, 창포원 남쪽 입구,도봉구, 도봉구 도봉동 22-25,37.688267,127.048897,2020-03-23,0.0,12.0,QR
1751, 창원초등학교 교차로,도봉구, 도봉구 창동 315,37.652123,127.041702,2020-03-23,0.0,25.0,QR
1752, 창동 주공 4단지 입구 옆,도봉구, 도봉구 창동 34,37.645481,127.048576,2020-03-17,0.0,10.0,QR
1754, 창동시장입구 사거리,도봉구, 도봉구 쌍문동 83-7,37.646896,127.033432,2020-03-17,0.0,10.0,QR
1756,서울북부광역등기국,도봉구,서울시 도봉구 노해로 325,37.651447,127.044708,2020-03-17,0.0,10.0,QR
1757,솔밭공원역 1번출구 앞,도봉구,삼양로590,37.655685,127.013382,2020-03-25,0.0,10.0,QR
1758,북서울교회 버스정류소 앞,도봉구,삼양로606,37.65728,127.013756,2020-03-25,0.0,10.0,QR
1759,서울북부지방법원 앞,도봉구,마들로749,37.677219,127.048637,2020-03-18,0.0,10.0,QR
1761,방학중학교 앞,도봉구,시루봉로188,37.665623,127.03109,2020-03-21,0.0,10.0,QR
1762,북한산 한신휴플러스APT앞,도봉구,도봉로136가길73,37.655338,127.042419,2020-03-18,0.0,30.0,QR
1765,쌍문역 1번 출구(양산부인과 빌딩),도봉구,도봉로496,37.64967,127.035614,2020-03-18,0.0,10.0,QR
1767,태양중앙교회 앞,도봉구,방학로172,37.66251,127.033279,2020-03-21,0.0,10.0,QR
1768,신동아타워 버스정류소,도봉구,방학로210,37.662052,127.028755,2020-03-21,0.0,8.0,QR
1770,강북성복교회 주변,도봉구,방학동735-4,37.661644,127.035774,2020-03-21,0.0,8.0,QR
1771,성원APT버스정류소,도봉구,시루봉로6길86,37.657967,127.03009,2020-03-18,0.0,15.0,QR
1772,시립도봉노인복지관 버스정류소,도봉구,해등로190,37.658051,127.035759,2020-03-23,0.0,10.0,QR
1774,반석교회(쌍문동),도봉구,노해로239,37.651348,127.034729,2020-03-17,0.0,8.0,QR
1775,신원리베르텔 앞,도봉구,노해로341(연안식당 창동점 앞),37.651287,127.045548,2020-03-17,0.0,15.0,QR
665,이문동 쌍용아파트 정문,동대문구,동대문구 한천로58길 47,37.599606,127.068642,2020-04-19,0.0,11.0,QR
666,이문대성유니드아파트 앞,동대문구,한천로58길 151,37.603622,127.070831,2020-04-21,0.0,20.0,QR
667,청량차도 육교 밑,동대문구,제기로 126,37.586594,127.046997,2020-04-19,0.0,7.0,QR
668,서울축산농협(장안지점),동대문구,동대문구 장안동 469-8 ,37.568653,127.069183,2020-04-22,0.0,10.0,QR
669,청계신한신휴플러스앞 삼거리,동대문구,서울시립대로14,37.572048,127.044663,2020-04-19,0.0,10.0,QR
670,삼육서울병원 버스정류장,동대문구,망우로74,37.589687,127.061409,2020-04-22,0.0,9.0,QR
671,대광빌딩,동대문구,동대문구 신설동 168-7 ,37.577343,127.023377,2020-03-27,0.0,15.0,QR
672,대광고등학교,동대문구,동대문구 신설동 397-2 ,37.57859,127.02385,2020-03-27,0.0,17.0,QR
673,안암골벽산아파트(후문),동대문구,동대문구 제기동 190-11 ,37.58408,127.031036,2020-03-28,0.0,10.0,QR
674,고대앞사거리 교통섬,동대문구,동대문구 제기동 142-21 ,37.586552,127.033142,2020-03-30,0.0,15.0,QR
675,성복교회 앞 (장평교 아래),동대문구,동대문구 장안벚꽃로 139,37.572025,127.077004,2020-04-16,0.0,10.0,QR
676,FITI시험연구원 앞,동대문구,동대문구 정릉천동로 102,37.581432,127.035477,2020-03-28,0.0,9.0,QR
677,청량리역 4번 5번출구 사이,동대문구,청량리역환승센터 횡단보도,37.580151,127.045799,2020-04-19,0.0,20.0,QR
678,장안힐스테이트(아) 앞,동대문구,동대문구 답십리로69길 93,37.576557,127.07431,2020-04-26,0.0,15.0,QR
679,전농SK아파트 앞,동대문구,동대문구 사가정로 150 ,37.577877,127.061684,2020-04-16,0.0,10.0,QR
680,꿈마루어린이도서관 앞,동대문구,동대문구 이문로 55,37.592384,127.057411,2020-04-19,0.0,15.0,QR
681,서울특별시 동부교육지원청(육교),동대문구,동대문구 전농로168,37.579838,127.056374,2020-04-19,0.0,15.0,QR
2073,동작상떼빌 103동 앞,동작구, 동작구 신대방1가길 38,37.486935,126.907562,2020-04-27,0.0,20.0,QR
2076,노들나루공원 입구,동작구, 동작구 본동 258-49,37.513577,126.955551,2020-04-24,0.0,18.0,QR
2077,노들역 3번출구,동작구, 동작구 노량진로 250-1,37.511936,126.954163,2020-04-23,0.0,10.0,QR
2078,흑석 아크로리버하임(103동),동작구, 동작구 흑석동 143-57,37.510838,126.961632,2020-04-22,0.0,20.0,QR
2079,중앙대학교 정문,동작구, 동작구 흑석동 221-1,37.506672,126.957779,2020-04-22,0.0,25.0,QR
2080,빕스 대방점 앞,동작구, 동작구 대방동 341-15,37.512135,126.925438,2020-04-23,0.0,15.0,QR
2081,대방1차 e편한세상 앞,동작구, 동작구 대방동 338-6,37.513062,126.929512,2020-04-23,0.0,15.0,QR
2082,7호선 이수역7번출구,동작구, 동작구 동작대로 89,37.485615,126.981979,2020-04-26,0.0,10.0,QR
2083,흑석롯데캐슬에듀포레(107동),동작구, 동작구 흑석동 86-212,37.504704,126.960732,2020-04-22,0.0,15.0,QR
2084,e편한세상 상도노빌리티 앞,동작구, 동작구 상도동 26-77,37.504562,126.946785,2020-04-24,0.0,25.0,QR
2085,강남중학교 앞,동작구, 동작구 대방동 466-45,37.502743,126.921578,2020-04-23,0.0,20.0,QR
2086,삼일수영장 앞,동작구, 동작구 사당로27길 103,37.487412,126.974739,2020-04-26,0.0,22.0,QR
2088,상도중앙하이츠빌 입구,동작구, 동작구 상도동 159-186,37.500248,126.94973,2020-04-24,0.0,10.0,QR
2089,사당역10번출구(금강빌딩),동작구, 동작구 동작대로 29,37.479107,126.981506,2020-04-26,0.0,10.0,QR
2090,기아자동차 사당점 앞,동작구, 동작구 사당로 272,37.48378,126.977921,2020-04-26,0.0,15.0,QR
2091,이수역9번출구(맥도날드),동작구, 동작구 사당동 147-141,37.484135,126.977882,2020-04-26,0.0,15.0,QR
2092,흑석한강푸르지오(110동),동작구, 동작구 흑석동 336-7,37.503113,126.964714,2020-04-24,0.0,15.0,QR
2093,상도SH빌아파트 입구,동작구, 동작구 상도로53길 70,37.503212,126.954598,2020-05-12,0.0,12.0,QR
2094,숭실대학교(중문) ,동작구, 동작구 상도동 512-10,37.495506,126.956375,2020-04-24,0.0,30.0,QR
2095,경문고등학교 앞,동작구, 동작구 동작동 산1-13,37.491501,126.982407,2020-04-24,0.0,10.0,QR
2096,서울특별시 동작관악교육지원청,동작구,동작구 상도2동175-1,37.502838,126.940338,2020-04-30,0.0,13.0,QR
487,신석초교앞 교차로 교통섬,마포구,마포구 용강동 494-6 ,37.54364,126.938309,2020-04-03,0.0,26.0,QR
488,푸르메병원,마포구,마포구 상암동 632,37.584568,126.880211,2020-04-06,0.0,10.0,QR
489,구룡근린공원,마포구,마포구 상암동 1583,37.583336,126.8834,2020-04-06,0.0,10.0,QR
490,가온문화공원,마포구,마포구 상암동 1594,37.582077,126.887665,2020-04-06,0.0,10.0,QR
491,월드컵파크 4단지,마포구,마포구 상암동 1761,37.575977,126.888069,2020-04-06,0.0,10.0,QR
492,성산시영아파트 후문,마포구, 마포구 중동 77-11,37.573135,126.901848,2020-06-03,0.0,10.0,QR
493,홍대입구역 6번출구,마포구,마포구 서교동 193-4,37.556576,126.928856,2020-04-12,0.0,7.0,QR
495,염리초등학교 앞,마포구,마포구 도화동 536,37.542431,126.946999,2020-03-26,0.0,10.0,QR
497,합정동주민센터 앞,마포구,마포구 합정동 473-2,37.551754,126.9123,2020-04-06,0.0,20.0,QR
498,연남동주민센터 앞,마포구,마포구 연남동 250-11,37.564651,126.922127,2020-04-08,0.0,10.0,QR
3002,벽산상암스마트큐브 ,마포구,마포구 성산동 593-1,37.565044,126.903603,2020-04-06,0.0,10.0,QR
3003,래미안공덕3차아파트,마포구,마포구 공덕동 457,37.548805,126.951073,2020-04-02,0.0,5.0,QR
3005,마포구청 청사내,마포구,마포구 월드컵로 212,37.566246,126.902184,2020-04-02,0.0,20.0,QR
3006, 상암월드컵파크5단지(상암중학교),마포구,마포구 상암동 1727,37.57991,126.888237,2020-04-06,0.0,15.0,QR
3007,MBC 앞,마포구,마포구 상암동 1704,37.581947,126.890297,2020-04-06,0.0,10.0,QR
3008,DMC역7번출구,마포구,마포구 상암동 1133,37.577114,126.898361,2020-04-06,0.0,10.0,QR
3009,서교동사거리,마포구,마포구 서교동 418,37.55584,126.920433,2020-04-12,0.0,10.0,QR
3010,홍대입구역 3번출구,마포구,마포구 동교동 155-27,37.558296,126.925385,2020-04-12,0.0,15.0,QR
3011,경의선(노고산동),마포구,마포구 노고산동 112-12,37.553429,126.933792,2020-04-08,0.0,10.0,QR
3109,북한산더 106동 앞,서대문구,홍은동 137-8 ,37.592934,126.941292,2020-04-09,0.0,15.0,QR
3110,홍은 현대아이파크 아파트 202동 앞,서대문구,홍은동 202-6,37.589283,126.936943,2020-04-09,0.0,15.0,QR
3111,무악재역 4번 출구,서대문구,홍제동 25-1,37.582211,126.950165,2020-04-10,0.0,10.0,QR
3112,독립문역 5번 출구,서대문구,현저동 95-3,37.57386,126.958298,2020-02-13,0.0,9.0,QR
3113,독립문역사거리,서대문구,현저동 935,37.572205,126.959747,2020-02-11,0.0,25.0,QR
3114,충정로역 3번 출구,서대문구,합동 31-16,37.560463,126.965523,2020-04-12,0.0,12.0,QR
3115,북아현 치안센터 인근,서대문구,북아현동 251-73,37.561455,126.95575,2020-05-12,0.0,20.0,QR
3116,신촌역 4번출구,서대문구,창천동 30-16,37.555504,126.937203,2020-04-05,0.0,10.0,QR
3117,이화여대 인문관 인근,서대문구,대신동 143-14 ,37.564068,126.945328,2020-04-12,0.0,10.0,QR
3119,연희 브라운스톤 아파트 앞,서대문구,연희동 209-2,37.565197,126.929855,2020-04-10,0.0,10.0,QR
3120,DMC엘가아파트 앞,서대문구,남가좌동 105-4,37.569836,126.918091,2020-04-08,0.0,12.0,QR
3121,가좌삼거리,서대문구,북가좌동 487-1,37.570652,126.912987,2020-04-08,0.0,15.0,QR
3122,북가좌삼거리2,서대문구,북가좌동474-1,37.574284,126.906464,2020-04-08,0.0,30.0,QR
3123,DMC파크뷰자이1단지 110동 앞,서대문구,남가좌동 385-13 ,37.572388,126.915108,2020-05-04,0.0,30.0,QR
3124,DMC센트럴아이파크아파트,서대문구,남가좌동 318-4,37.578121,126.921753,2020-04-08,0.0,20.0,QR
3125,연희파크푸르지오아파트 앞,서대문구,연희동 736,37.575642,126.927826,2020-04-10,0.0,15.0,QR
3126,남가좌동 제2공영주차장,서대문구,남가좌동 3-76,37.583344,126.922745,2020-04-08,0.0,10.0,QR
3127,홍은2파출소 옆,서대문구,서대문구 홍은동424-1,37.583336,126.936287,2020-04-09,0.0,10.0,QR
3128,동신병원 맞은편,서대문구,서대문구 홍은동274-18,37.581318,126.935997,2020-04-10,0.0,7.0,QR
3129,DMC래미안e편한세상203동옆,서대문구,서대문구 북가좌동477-1,37.576263,126.911324,2020-04-22,0.0,20.0,QR
3130,가재울사거리,서대문구,서대문구 남가좌동385-16,37.574348,126.918823,2020-05-04,0.0,20.0,QR
3131,연가교 교차로,서대문구,서대문구 남가좌동 385-6,37.572159,126.921188,2020-05-04,0.0,15.0,QR
3132,홍제교,서대문구,서대문구 홍제동394-46,37.591862,126.944214,2020-04-09,0.0,20.0,QR
3133,핀란드 타워앞,서대문구,서대문구 대현동60-11,37.557114,126.948814,2020-04-12,0.0,18.0,QR
3134,SK리체블(상수도사업본부),서대문구,서대문구 합동 17-3 ,37.561317,126.966583,2020-04-12,0.0,10.0,QR
2514,사평역 2번출구,서초구,서울시 서초구 반포동 30-5 ,37.503643,127.016022,2020-02-20,0.0,10.0,QR
2515,서초초등학교 후문,서초구,서울시 서초구 서운로 178,37.498928,127.024727,2020-02-20,0.0,15.0,QR
2516,본마을 노인복지센터 앞,서초구,서울특별시 서초구 본마을2길 2,37.454418,127.052742,2020-02-19,0.0,10.0,QR
2517,서초3교(효령로69길 방면),서초구,서울특별시 서초구 효령로69길,37.48716,127.024376,2020-02-19,0.0,20.0,QR
2518,서초3교(효령로70길 방면),서초구,서울특별시 서초구 효령로70길,37.487484,127.025147,2020-02-19,0.0,20.0,QR
2519,서초2교(사임당로 방면),서초구,서울특별시 서초구 사임당로137,37.491009,127.023521,2020-02-20,0.0,15.0,QR
2520,서초1교 (진흥아파트 방면),서초구,서초구 서초대로65길,37.496193,127.021011,2020-02-20,0.0,20.0,QR
2521,서초 크로바타워 앞,서초구,서초구 서초대로 347,37.495564,127.01918,2020-02-20,0.0,13.0,QR
2523,뉴코아 킴스클럽 앞,서초구,서초구 잠원로 51,37.510193,127.007256,2020-02-21,0.0,10.0,QR
2524,반포쇼핑타운 8동 앞,서초구,서초구 신반포로 219 반포쇼핑타운,37.507351,127.008019,2020-02-21,0.0,10.0,QR
2525,반포쇼핑타운 2동 앞,서초구,서초구 신반포로 165 ,37.505608,127.002159,2020-02-21,0.0,15.0,QR
2526,반포경남쇼핑 앞,서초구,서초구 신반포로 143 ,37.504787,126.999924,2020-02-21,0.0,10.0,QR
2527,반포중학교 앞(세화여고 맞은편),서초구,서초구 신반포로67,37.502674,126.993698,2020-02-21,0.0,10.0,QR
2528,함지박 사거리,서초구,서초구 방배로 230-1 ,37.493771,126.990067,2020-02-23,0.0,10.0,QR
2529,우리은행 방배동지점 앞,서초구,서초구 방배로 183,37.489918,126.992081,2020-02-23,0.0,12.0,QR
2530,삼호3차아파트 앞,서초구,서초구 방배동 757-3,37.497795,126.987068,2020-02-23,0.0,15.0,QR
2531,멤피스아파트 앞,서초구,서초구 방배로 245,37.494205,126.989357,2020-02-23,0.0,10.0,QR
2532,국립국악원 앞,서초구,서초구 남부순환로 2364,37.478203,127.008781,2020-02-19,0.0,10.0,QR
2533,한가람미술관 앞,서초구,서초구 남부순환로 2406,37.481098,127.014061,2020-02-19,0.0,10.0,QR
2534,신흥교(애견훈련소),서초구,서초구 내곡동 1-3031 ,37.455631,127.080978,2020-02-19,0.0,10.0,QR
2535,신반포역 3번출구 뒤,서초구,서초구 신반포로 ,37.503624,126.997322,2020-02-21,0.0,15.0,QR
2536,서초종합체육관 입구,서초구,서초구 원지동 28,37.459248,127.041634,2020-02-19,0.0,20.0,QR
2537,양재역 8번출구 앞,서초구,서초구 양재동,37.482571,127.036438,2020-02-20,0.0,10.0,QR
2538,사평리 공원,서초구,서초구 잠원동 51,37.520267,127.015251,2020-02-20,0.0,10.0,QR
2539,대한무역투자진흥공사 KOTRA 앞,서초구,서초구 헌릉로 13,37.464897,127.044182,2020-02-19,0.0,10.0,QR
2540,반포천 앞,서초구,서초구 사평대로 108 ,37.498455,126.996643,2020-02-21,0.0,10.0,QR
2541,옛골 입구,서초구,청계산로 434,37.430977,127.070335,2020-02-19,0.0,15.0,QR
2542,신논현역2번출구(신논현타워 앞),서초구,서초구 강남대로 479,37.505089,127.023911,2020-02-14,0.0,10.0,QR
2545,국립중앙도서관(국제회의장옆),서초구,반포동 산60-1,37.497688,127.002388,2020-02-21,0.0,18.0,QR
3544,한양대역 3번 출구,성동구,왕십리로 206,37.554539,127.043778,2020-04-13,0.0,10.0,QR
3545,한양대역 1번출구,성동구,왕십리로 206,37.55658,127.043358,2020-04-13,0.0,10.0,QR
3547,상왕십리역 6번 출입구,성동구,왕십리로374(지하),37.564381,127.02887,2020-04-14,0.0,10.0,QR
3548,뚝섬역 6번출구,성동구,뚝섬로1길 63,37.546959,127.047669,2020-06-05,0.0,10.0,QR
3549,건영아파트 앞,성동구,성동구 동일로 265,37.555141,127.071106,2020-05-11,0.0,9.0,QR
3550,금호나들목,성동구,금호동4가 341,37.544041,127.023201,2020-04-16,0.0,20.0,QR
3551,성동도로사업소,성동구,성동구 용답동 223-7,37.559799,127.056328,2020-04-14,0.0,15.0,QR
3552,서울숲 공영주차장앞,성동구,성수동1가719,37.541958,127.04277,2020-04-13,0.0,10.0,QR
3553,마장역3번출구,성동구,마장로304-6,37.565979,127.043114,2020-04-14,0.0,10.0,QR
3555,양지사거리(센트라스APT 115동앞),성동구,용답역 2번출구 앞,37.566818,127.029152,2020-04-14,0.0,20.0,QR
3556,신금호파크자이APT앞,성동구,금호로173,37.555313,127.019791,2020-04-15,0.0,15.0,QR
3557,서울숲리버뷰자이APT105동 앞,성동구,행당동379,37.55653,127.039131,2020-04-13,0.0,10.0,QR
3558,마장동 금호어울림APT앞,성동구,마조로64-2,37.563396,127.04187,2020-04-14,0.0,10.0,QR
3559,성동구민종합체육센터 앞,성동구,왕십리로89,37.54591,127.044601,2020-04-13,0.0,10.0,QR
3560,성동구 견인차량 보관소 앞,성동구,천호대로336,37.563709,127.05645,2020-04-14,0.0,10.0,QR
3561,행당동 삼부APT후문,성동구,왕십리로278-17,37.559269,127.038399,2020-04-14,0.0,10.0,QR
1379,길음뉴타운푸르지오아파트 3단지,성북구,성북구 길음동,37.60936,127.018173,2020-03-26,0.0,15.0,QR
1380,월곡역 5번출구 앞,성북구,하월곡동 226-8(도로),37.601086,127.041237,2020-03-30,0.0,10.0,QR
1381,석계역 4번출구 뒤,성북구,성북구 석관동 375-42,37.614784,127.067001,2020-03-25,0.0,10.0,QR
1382,월곡래미안아파트 입구,성북구,성북구 하월곡동 225-5(공),37.60843277,127.0363236,2020-03-26,0.0,10.0,QR
1383,성북동 주민센터 건너편,성북구,"성북구 성북동 177-91(도로)
  - 성북동 177-28 앞",37.591095,127.003777,2020-03-28,0.0,10.0,QR
1384,성신여대입구역 5번출구,성북구,성북구 동선동 133-2 앞,37.592827,127.016289,2020-03-28,0.0,10.0,QR
1385,성신여대입구역 3번출구 앞,성북구,성북구 동소문동5가 65-16,37.592365,127.016289,2020-06-17,0.0,10.0,QR
1386,동선고가차도 초입,성북구,"성북구 동선동1가 118-2(도로)
 (동선동1가 120-1 건물 옆)",37.594158,127.018967,2020-03-28,0.0,10.0,QR
1388,커핀그루나루,성북구,성북구 동소문동3가 65-3,37.590881,127.011704,2020-03-28,0.0,10.0,QR
1390,석관래미안아트리치,성북구,석관동 323-15앞,37.606461,127.061623,2020-05-05,0.0,10.0,QR
1391,성북청소년센터,성북구,성북구 장위동 135-4,37.617073,127.056244,2020-03-24,0.0,20.0,QR
1392,돈암삼성풍림아파트,성북구,성북구 돈암동 632-6도,37.597099,127.022629,2020-03-27,0.0,10.0,QR
1393,미아 구름다리,성북구,돈암동 51-30,37.597778,127.021507,2020-05-05,0.0,10.0,QR
1394,길음뉴타운 래미안9단지,성북구,성북구 길음동 1286-12,37.602417,127.019714,2020-03-27,0.0,10.0,QR
1395,레미안장위포레카운티(102동),성북구,성북구 장위동 143-1,37.618179,127.051834,2020-03-25,0.0,20.0,QR
1396,레미안장위퍼스트하이(513동),성북구,성북구 장위동 201-6,37.618443,127.051453,2020-03-25,0.0,20.0,QR
1397,래미안월곡아파트 (창문여고 건너편),성북구,"성북구 하월곡동 225-10(도로)
",37.612103,127.036591,2020-05-26,0.0,10.0,QR
2623,석촌동 주민센터,송파구,송파구 석촌동 312,37.503624,127.103554,2020-01-17,0.0,15.0,QR
2625,가락1동 주민센터,송파구,양재대로 925,37.495876,127.108505,2020-01-20,0.0,15.0,QR
2626,경찰병원,송파구,가락동 59,37.49543,127.123108,2020-01-20,0.0,15.0,QR
2627,문정시영아파트 5동 앞 공원,송파구,송이로 31길 56,37.491123,127.135109,2020-01-20,0.0,10.0,QR
2628,문정역 1번출구,송파구,문정동 55-13,37.486698,127.122444,2020-01-20,0.0,15.0,QR
2629,문정동 힐스데이트 에코 송파,송파구,정의로 7길 13,37.485218,127.115402,2020-01-20,0.0,15.0,QR
2630,서울방이동 고분군,송파구,방이동 17,37.507866,127.116989,2020-01-21,0.0,12.0,QR
2631,배명고등학교,송파구,삼학사 11,37.497414,127.096306,2020-01-17,0.0,15.0,QR
2632,석촌고분역 2번 출구,송파구,백제고분로 275,37.502644,127.097397,2020-01-17,0.0,9.0,QR
2633,송파학사 옆,송파구,위례순환로 364,37.47813,127.147217,2020-01-21,0.0,20.0,QR
2634,위례포레샤인아파트 2318동,송파구,장지동 390-4,37.477211,127.137177,2020-01-21,0.0,15.0,QR
2635,잠실새내역 1번출구,송파구,올림픽로 지하 140,37.511295,127.086739,2020-01-16,0.0,15.0,QR
2637,잠실월드 메르디앙,송파구,올림픽로 74,37.511463,127.078812,2020-01-16,0.0,15.0,QR
2638,쌍용아파트,송파구,풍납동 457,37.526814,127.118149,2020-05-13,0.0,8.0,QR
2639,석촌역 8번출구,송파구,송파구 석촌동 209,37.505505,127.106575,2020-01-17,0.0,18.0,QR
2641,송파역 4번출구,송파구,송파대로 345,37.497726,127.107033,2020-01-20,0.0,10.0,QR
2642,마천동 성내천 쉼터,송파구,성내천로 179,37.501495,127.147781,2020-01-15,0.0,12.0,QR
2643,풍납중학교 측면,송파구,풍납동460,37.525291,127.112473,2020-01-21,0.0,10.0,QR
2644,성내5교 (GS주유소),송파구,동남로298,37.501984,127.138046,2020-01-15,0.0,10.0,QR
2645,잠실나들목2(엘스아파트136동),송파구,송파구 잠실동 18-1,37.515049,127.081612,2020-01-16,0.0,10.0,QR
2646,레이클펠리스101동앞,송파구,잠실로88,37.507759,127.091293,2020-01-16,0.0,15.0,QR
2647,잠실 자전거 수리센터 앞,송파구,송파구 잠실동 41,37.51157,127.101074,2020-01-16,0.0,15.0,QR
2648,헬리오시티 112동 앞,송파구,송파구 가락동 509-11,37.494698,127.104645,2020-01-17,0.0,30.0,QR
2649,오금공원사거리2,송파구,마천로103,37.505444,127.132332,2020-01-15,0.0,10.0,QR
2650,위례22단지 2208동 다리앞,송파구,위례광장로163,37.47855,127.138138,2020-01-21,0.0,11.0,QR
2651,경찰병원역 3번출구 앞,송파구,송파구 가락동 123,37.495773,127.12458,2020-01-20,0.0,20.0,QR
2652,송파 레미니스1단지 102동 앞,송파구,오금동 96,37.508831,127.134262,2020-01-15,0.0,20.0,QR
2653,올림픽공원사거리(선수촌아파트),송파구,양재대로 1218,37.511498,127.12912,2020-01-15,0.0,20.0,QR
2654,올림픽선수촌아파트 136동 앞,송파구,양재대로 1218,37.509975,127.133698,2020-01-16,0.0,10.0,QR
2655,송이공원,송파구,송파동 169,37.50058,127.118843,2020-01-17,0.0,20.0,QR
2656,풍납동 아이파크 107동 앞,송파구,올림픽로43길 34,37.524525,127.11451,2020-06-08,0.0,10.0,QR
2657,송파 파인타운 11단지,송파구,장지동 854-3,37.478825,127.132668,2020-06-04,0.0,10.0,QR
767,신정숲속마을아파트,양천구,양천구 신정로 110,37.505745,126.836311,2020-03-11,0.0,10.0,QR
768,목동5단지아파트 501동,양천구,양천구 목동,37.535919,126.882446,2020-03-12,0.0,15.0,QR
769,CBS방송국 앞,양천구,양천구 목동 917-1,37.527855,126.874672,2020-03-15,0.0,20.0,QR
770,목동역5번출구 교통정보센터 앞,양천구,양천구 목동로 186,37.525715,126.864868,2020-03-13,0.0,10.0,QR
771,목동아파트 703동 앞,양천구,양천구 목동로 186 ,37.527706,126.870064,2020-03-13,0.0,8.0,QR
773,"염창역 3, 4번 출구 사이",양천구,공항대로 630,37.546707,126.874573,2020-03-16,0.0,10.0,QR
774,등촌역 4번 출구 ,양천구,양천구 목동 603-2,37.549507,126.867218,2020-03-16,0.0,11.0,QR
775,세종그랑시아 앞(102동),양천구,양천구 목동중앙남로3가길 59,37.538376,126.863831,2020-03-16,0.0,10.0,QR
776,목마공원,양천구,양평교 하부,37.538742,126.885681,2020-03-13,0.0,15.0,QR
777,신월6차보람아파트 앞,양천구,양천구 곰달래로7길 7,37.530128,126.834778,2020-03-11,0.0,10.0,QR
779,양천나눔누리센터,양천구,양천구 중앙로 250,37.518845,126.853684,2020-03-09,0.0,10.0,QR
780,신정교 하부,양천구,양천구 신정동 871-37,37.516907,126.877586,2020-03-11,0.0,15.0,QR
781,신정보도육교 아래,양천구,양천구 신목로 10,37.517593,126.876556,2020-03-11,0.0,10.0,QR
782,서남병원 후문,양천구,양천구 신정이펜1로 20,37.511673,126.832741,2020-03-15,0.0,20.0,QR
785,"양천구청, 보건소 사잇길",양천구,양천구 신정동 321-8,37.517326,126.866303,2020-03-15,0.0,15.0,QR
786,목동아파트 8단지 상가동 앞,양천구,양천구 목동서로 280,37.520439,126.868401,2020-03-18,0.0,9.0,QR
787,양천아파트 입구,양천구,양천구 목동로3길 41,37.507904,126.862648,2020-03-09,0.0,10.0,QR
788,양천구청역 2번출구 옆,양천구,양천구 목동로3길 57,37.512379,126.865555,2020-03-06,0.0,15.0,QR
790,화곡고가 사거리,양천구,양천구 신월동 455-5 ,37.527607,126.848755,2020-03-11,0.0,40.0,QR
791,현대하이페리온,양천구,오목로300(205동앞 서쪽방향),37.52478,126.869835,2020-03-13,0.0,15.0,QR
792,목동트라팰리스 웨스턴에비뉴,양천구,오목로299(이마트 출입구측),37.525372,126.870926,2020-03-13,0.0,20.0,QR
295,영등포공원 분수대 앞,영등포구,영등포구 신길로 275,37.514824,126.911881,2020-03-04,0.0,10.0,QR
296,KT플라자 영등포점,영등포구,영등포구 영중로 119,37.526302,126.90538,2020-03-05,0.0,15.0,QR
297,국회3문,영등포구,영등포구 여의동로 330,37.528637,126.912674,2020-03-06,0.0,20.0,QR
298,KBS 연구동 건너편,영등포구,영등포구 여의도동 1-877,37.527508,126.914299,2020-03-05,0.0,20.0,QR
299,여의도 순복음교회,영등포구,영등포구 여의도동 8,37.531792,126.922455,2020-03-06,0.0,10.0,QR
3201,당산skv1센터,영등포구,영등포구 당산로41길 11,37.530735,126.89917,2020-03-05,0.0,9.0,QR
3202,당산롯데캐슬프레스티지,영등포구,영등포구 영신로 237,37.52869,126.903862,2020-03-05,0.0,15.0,QR
3203,도림동배드민턴체육관,영등포구,영등포구 도림동 276-2,37.506115,126.89859,2020-03-04,0.0,10.0,QR
3204,도림고가도로 밑,영등포구,영등포구 도림동 187-68,37.511242,126.898186,2020-03-16,0.0,10.0,QR
3205,문래중학교,영등포구,영등포구 선유서로13길 6,37.520466,126.884819,2020-03-04,0.0,10.0,QR
3206,문래동 주민센터,영등포구,영등포구 문래동3가 55-6,37.517071,126.899086,2020-03-04,0.0,15.0,QR
3207,양남사거리 교통섬,영등포구,영등포구 영등포로 71-2,37.522526,126.889969,2020-03-05,0.0,15.0,QR
3211,신길 래미안 프레비뉴,영등포구,영등포구 가마산로 442,37.504383,126.908089,2020-03-04,0.0,20.0,QR
3212,신풍역 6번출구,영등포구,영등포구 신풍로 43,37.500172,126.911308,2020-03-03,0.0,10.0,QR
3214,영등포 푸르지오,영등포구,도신로29길 28,37.512024,126.901054,2020-03-04,0.0,10.0,QR
3215,강변삼성래미안,영등포구,영등포구 버드나루로 130,37.529743,126.907829,2020-03-05,0.0,15.0,QR
3219,영등포역 2번출구,영등포구,청구로 64,37.514874,126.907585,2020-03-04,0.0,10.0,QR
3220,래미안에스티움(신풍로) 앞,영등포구,신풍로77(GS25),37.500137,126.913979,2020-03-03,0.0,20.0,QR
3221,서울특별시 남부교육지원청,영등포구,영등포구 문래로121,37.519333,126.895302,2020-03-04,0.0,10.0,QR
847, 국방부민원실옆,용산구,"용산동3가 1번지 앞,
 (이태원로)",37.534523,126.977501,2020-03-28,0.0,15.0,QR
848, 삼각지12번 출구,용산구,한강로1가 24-7 ,37.535259,126.975052,2020-03-28,0.0,10.0,QR
849, 삼각지 자이아파트,용산구,한강로1가 80-11 ,37.536079,126.973419,2020-03-30,0.0,15.0,QR
850, KCC용산월츠타워 ,용산구,백범로90길 90,37.537399,126.968926,2020-03-28,0.0,15.0,QR
851,효창 푸르지오 앞,용산구,백범로 260,37.540478,126.958115,2020-03-28,0.0,10.0,QR
852,청암자이APT(103동),용산구,청암동 92-1 ,37.534527,126.947182,2020-03-28,0.0,20.0,QR
853,용산역 맞은편,용산구,한강로2가 408-5 ,37.528568,126.965691,2020-04-07,0.0,10.0,QR
854,HID 유족동지회 앞,용산구,이태원로 271,37.538727,127.001549,2020-04-05,0.0,10.0,QR
855,이촌역5번출구 앞,용산구, 서빙고로 83,37.522724,126.972771,2020-04-07,0.0,15.0,QR
857, 현대 안성타워,용산구,이태원로 217,37.535023,126.998055,2020-04-07,0.0,15.0,QR
858,녹사평역3번 출구,용산구,용산동4가 1-1,37.534409,126.986893,2020-04-07,0.0,7.0,QR
859,남산공원 야외식물원 앞,용산구,이태원동 259-16,37.541885,126.995865,2020-04-05,0.0,10.0,QR
860,LG한강 자이아파트 앞,용산구,용산구 이촌동 429 ,37.520695,126.970978,2020-04-07,0.0,15.0,QR
863,이촌역2번 출구,용산구,용산동5가 17,37.52177,126.977005,2020-04-07,0.0,15.0,QR
864,순천향대학병원(한남오거리),용산구,한남동 705-5 (한남대로),37.535141,127.006004,2020-04-05,0.0,10.0,QR
865,하얏트호텔 앞,용산구,"한남동 산 10-138
 (소월로)",37.540794,126.997849,2020-04-05,0.0,15.0,QR
866,브라운스톤 남산아파트,용산구,후암동 458,37.551548,126.97686,2020-03-30,0.0,10.0,QR
867,서빙고역 광장(1번출구),용산구,서빙고동241-14,37.519909,126.989235,2020-04-07,0.0,10.0,QR
868,롯데하이마트 용산점 앞,용산구,원효로208,37.53722,126.965019,2020-03-28,0.0,12.0,QR
973,제각말푸르지오 5-1단지 아파트,은평구, 은평구 진관동 144-7 ,37.637348,126.935844,2020-04-08,0.0,10.0,QR
974,연신초등학교옆 마을마당,은평구,불광동69,37.62672,126.929016,2020-04-09,0.0,10.0,QR
975,백련산 힐스테이트상가앞,은평구,응암동백련산로38상가앞,37.590363,126.923012,2020-04-10,0.0,10.0,QR
976,진관고등학교앞,은평구,진관4로26,37.643509,126.924103,2020-04-09,0.0,10.0,QR
977,신도중학교앞,은평구,진관1로77-30,37.633102,126.931503,2020-04-08,0.0,20.0,QR
978,녹번 힐스테이트상가앞,은평구,통일로610,37.601009,126.935928,2020-04-09,0.0,20.0,QR
979,원풍빌라앞,은평구,은평터널로143,37.591862,126.906082,2020-04-10,0.0,10.0,QR
982,유니클로 은평점앞,은평구,서오릉로32,37.604126,126.925087,2020-04-10,0.0,10.0,QR
984,상신초등학교앞 버스정류장,은평구,가좌로316,37.59581,126.910263,2020-04-10,0.0,10.0,QR
985,은평온누리약국앞,은평구,은평로170,37.601192,126.926384,2020-04-10,0.0,10.0,QR
989,축산정육식당앞,은평구,가좌로255,37.591812,126.914833,2020-04-10,0.0,10.0,QR
991,흥국사 정류장,은평구,은평구 진관동 298-2 ,37.656769,126.942009,2020-04-06,0.0,10.0,QR
992,북한산입구 정류장,은평구,은평구 진관동 289 ,37.658428,126.94606,2020-04-06,0.0,10.0,QR
993,은평뉴타운 온뜨락아파트앞,은평구,통일로972,37.630287,126.919563,2020-04-08,0.0,25.0,QR
994,북한산생태공원입구(교통섬),은평구,불광동638-6,37.610718,126.93911,2020-04-09,0.0,15.0,QR
995,은평다목적체육관,은평구,진관1로40,37.631409,126.925407,2020-04-08,0.0,15.0,QR
996,응암역 1번출구,은평구,응암동471-6,37.598606,126.915405,2020-04-10,0.0,10.0,QR
3401,창신두산아파트,종로구,종로구 지봉로5길 7,37.573761,127.013939,2020-06-11,0.0,10.0,QR
3402,이화공영주차장,종로구,율곡로19길 17-3,37.576607,127.00557,2020-04-19,0.0,10.0,QR
3403,서울특별시 교육청,종로구,종로구 송월길48,37.569508,126.967011,2020-02-26,0.0,10.0,QR
3404,서울특별시 중부교육지원청,종로구,종로구 대학로 10,37.571854,127.002358,2020-02-03,0.0,15.0,QR
3405,파크팰리스,종로구,사직로8길20(내수동95),37.574551,126.970551,2020-02-11,0.0,12.0,QR
3406,세종로공원,종로구,세종로79-12,37.574059,126.9758,2020-05-08,0.0,20.0,QR
3407,안국동사거리(신),종로구,안국동175-92,37.575806,126.983391,2020-02-10,0.0,15.0,QR
3408,종로타워빌딩,종로구,공평동70-4,37.570511,126.983368,2020-02-10,0.0,13.0,QR
3410,종로3가역 8번출구,종로구,묘동90-3,37.572037,126.991844,2020-02-11,0.0,10.0,QR
3411,종묘,종로구,종로153-2,37.570702,126.994812,2020-02-10,0.0,10.0,QR
3412,세운상가,종로구,종로160-1,37.570313,126.994545,2020-02-11,0.0,15.0,QR
3413,종로플레이스,종로구,인의동28-1,37.5732,126.997963,2020-02-04,0.0,15.0,QR
3414,종로5가역 4번출구,종로구,종로5가 73-2,37.571175,127.002228,2020-02-11,0.0,10.0,QR
3415,동대문역6번출구,종로구,창신동487-5,37.57146072,127.010788,2020-02-26,0.0,15.0,QR
3416,동묘앞역 6번출구,종로구,창신동397-6,37.571533,127.015617,2020-02-04,0.0,15.0,QR
3417,창신3동주민센터,종로구,창신동23-215,37.577724,127.015251,2020-02-03,0.0,12.0,QR
3418,창신역2번 출구,종로구,창신동 1-105,37.579987,127.01506,2020-02-03,0.0,10.0,QR
3419,국립어린이과학관,종로구,창경궁로215(와룡동2-70),37.581947,126.997368,2020-02-10,0.0,15.0,QR
3420,성균관대입구사거리(맥도날드),종로구,창경궁로241,37.583275,126.998856,2020-02-04,0.0,10.0,QR
3421,혜화역 1번출구,종로구,대학로144,37.583855,127.001854,2020-02-04,0.0,10.0,QR
3422,성균관대 정문,종로구,성균관로31,37.584797,126.997131,2020-02-04,0.0,20.0,QR
3423,현대그룹(본사),종로구,종로구 연지동 1-38,37.575836,127.000694,2020-02-04,0.0,20.0,QR
3425,광화문 풍림스페이스본 1단지앞,종로구,사직로8길4,37.574848,126.968269,2020-05-04,0.0,15.0,QR
3426,독립문역 2번출구 뒤,종로구,무악동11-11,37.575016,126.95755,2020-02-11,0.0,10.0,QR
3427,인왕산 아이파크 정문,종로구,통일로16길8-3,37.576603,126.956749,2020-02-13,0.0,13.0,QR
3428,서울미술관,종로구,자하문로231,37.595127,126.963493,2020-02-13,0.0,10.0,QR
3429,AW컨벤션앞,종로구,자하문로255,37.59726,126.963089,2020-02-13,0.0,15.0,QR
3430,구기치안센터 앞,종로구,비봉길12,37.60854,126.957138,2020-02-13,0.0,10.0,QR
3431,로제우스 레포츠센터,종로구,진흥로466,37.607601,126.957687,2020-02-13,0.0,10.0,QR
3432,종로2가 사거리,종로구,종로2가 56-17,37.569992,126.988342,2020-02-10,0.0,15.0,QR
441,염천교사거리,중구,중구 순화동 212-9,37.559891,126.97068,2020-01-31,0.0,15.0,QR
442,서울역 서부,중구,봉래동 2가 122-11,37.553692,126.97216,2020-02-03,0.0,20.0,QR
443,호암아트홀,중구,봉래동 2가 122-11,37.562111,126.970718,2020-01-31,0.0,9.0,QR
444,서울역3번 출구,중구,통일로 20,37.557602,126.97258,2020-02-03,0.0,20.0,QR
445,대한상공회의소,중구,세종대로 39,37.560291,126.974548,2020-01-31,0.0,10.0,QR
466,롯데호텔,중구,을지로 30,37.565842,126.979813,2020-02-28,0.0,20.0,QR
467,한국은행,중구,남대문로 39,37.562214,126.980866,2020-01-31,0.0,16.0,QR
468,웨스틴 조선호텔,중구,소공로 106,37.564159,126.979485,2020-01-31,0.0,10.0,QR
469,회현역 1번출구,중구,퇴계로 72,37.559231,126.980141,2020-01-31,0.0,16.0,QR
470,회현역 7번출구,중구,회현동 1가 23-1,37.55965,126.979889,2020-01-31,0.0,20.0,QR
471,회현사거리 남측,중구,퇴계로 100,37.56036,126.982651,2020-01-31,0.0,10.0,QR
472,삼일교(시그니쳐 타워),중구,청계천로 100,37.567871,126.988983,2020-01-30,0.0,12.0,QR
473,을지로4가역 9번출구,중구,을지로 170,37.566051,126.997986,2020-03-01,0.0,20.0,QR
474,동대문역사문화공원역 1번출구 뒤편,중구,을지로 281,37.566299,127.008492,2020-01-29,0.0,30.0,QR
475,ddp패션몰,중구,마장로 22,37.56765,127.01181,2020-01-29,0.0,16.0,QR
476,광희문,중구,퇴계로 344,37.56443,127.009956,2020-01-29,0.0,10.0,QR
477,앰배서더 호텔 주변,중구,장충동2가 191-21,37.559288,127.002686,2020-01-30,0.0,10.0,QR
479,동대입구역 3번 출구,중구,장충동2가 199-4,37.559376,127.006027,2020-01-30,0.0,13.0,QR
480,약수역 6번 출구,중구,동호로 177,37.554321,127.010704,2020-01-30,0.0,8.0,QR
481,신당역 10번 출구,중구,청계천로 100,37.567032,127.015793,2020-01-29,0.0,16.0,QR
482,예수소망교회,중구,청구로 32,37.55994,127.018478,2020-01-29,0.0,10.0,QR
483,남산타운아파트 버스정류장,중구,신당동 산 24-110,37.547585,127.006439,2020-01-29,0.0,16.0,QR
484,도동삼거리,중구,남창동 205-166,37.555767,126.977188,2020-02-13,0.0,20.0,QR
485,서울역4번출구,중구,중구 남대문로5가,37.557404,126.973251,2020-02-03,0.0,30.0,QR
1461,동양엔파트 앞,중랑구,중랑구 망우로 203(중화동),37.593853,127.075073,2020-04-21,0.0,12.0,QR
1462,동부시장 북문 앞,중랑구,중랑구 망우로 214(상봉동),37.593868,127.076523,2020-05-05,0.0,9.0,QR
1463,중랑구민회관,중랑구,면목로238,37.573887,127.084831,2020-04-30,0.0,10.0,QR
1464,중화역 4번출구,중랑구,동일로 813,37.603054,127.079002,2020-04-21,0.0,15.0,QR
1465,중랑공영차고지 옆,중랑구,서울시 중랑구 신내동 63-6,37.613148,127.105148,2020-04-14,0.0,15.0,QR
1466,두산대림아파트 삼거리,중랑구,신내로 23길 9,37.618824,127.08757,2020-04-14,0.0,10.0,QR
1467,sk신내 주유소앞(용마산로),중랑구,신내동 352-2,37.613621,127.101151,2020-04-14,0.0,10.0,QR
1468,먹골역 7번 출구,중랑구,동일로 909,37.611477,127.077393,2020-04-21,0.0,10.0,QR
1469,먹골역 4번출구,중랑구,동일로 890,37.609821,127.078133,2020-04-21,0.0,20.0,QR
1470,중화동 우리은행 앞,중랑구,동일로 837,37.605202,127.078583,2020-04-20,0.0,20.0,QR
1472,영성빌딩(PAT),중랑구,동일로 824,37.604084,127.079231,2020-04-20,0.0,8.0,QR
1473,중랑역 1번 출구(중화문화복지센터),중랑구,중랑역로3길 28,37.594891,127.074951,2020-04-21,0.0,10.0,QR
1474,서울중랑우체국,중랑구,망우로 271,37.595814,127.08284,2020-05-05,0.0,10.0,QR
1477,면목삼익아파트 앞,중랑구,동일로 501,37.575985,127.079605,2020-04-14,0.0,15.0,QR
1478,홈플러스 상봉점 앞,중랑구,망우로 353,37.597885,127.091263,2020-04-21,0.0,10.0,QR
1479,면목 홈플러스 2 ,중랑구,중랑구 사가정로 326,37.581055,127.082092,2020-04-14,0.0,10.0,QR
1480, 용마지구대 옆,중랑구,중랑구 동일로 566,37.581112,127.080101,2020-04-16,0.0,15.0,QR
642,신답역 사거리,동대문구,서울특별시 동대문구 천호대로 231,37.5701561,127.048584,2020-06-18,0.0,9.0,QR
2549,LH 서초 4단지 403동,서초구,우면동 788,37.45924759,127.0239029,2020-06-15,0.0,10.0,QR
2658,가락몰 업무동,송파구,가락동 600,37.49535751,127.1156921,2020-06-04,0.0,10.0,QR
2744,강서세무서앞,강서구,마곡서1로 60,37.56231308,126.8212585,2020-05-27,0.0,20.0,QR
869,노들섬 동측 앞,용산구,서울특별시 용산구 이촌동 303-8,37.517296,126.959145,2020-04-03,0.0,10.0,QR
870,노들섬 서측 앞,용산구,서울특별시 용산구 이촌동 304-11,37.517319,126.958298,2020-04-03,0.0,10.0,QR
2743,동신아파트 104동 앞,강서구,강서로532,37.57204437,126.8440018,2020-06-01,0.0,11.0,QR
793,목동5단지아파트 534동,양천구,서울특별시 양천구 목동동로 350 목동신시가지아파트5단지,37.53355,126.878143,2020-03-12,0.0,15.0,QR
797,목동아파트 1422동 1434동 사잇길,양천구,양천구 신정동 332-2,37.515156,126.87249,2020-04-20,0.0,10.0,QR
796,목동아파트 14단지 B상가 앞,양천구,양천구 신정동 330,37.514664,126.871941,2020-04-20,0.0,10.0,QR
2548,반포1동 자율방범초소 옆,서초구,반포동 28-4,37.50847626,127.0167618,2020-06-15,0.0,10.0,QR
1571,북서울 꿈의숲 입구,강북구,번3동 139-4,37.62673187,127.0387726,2020-05-08,0.0,20.0,QR
3600,사근빗물펌프장 건너편,성동구,성동구 사근동 239-1,37.56119156,127.0496826,2020-07-03,0.0,8.0,QR
3013,서울지방고용노동청 앞,중구,서울 중구 삼일대로 363,37.56761551,126.9872437,2020-06-30,0.0,10.0,QR
2659,서울친환경유통센터,송파구,가락동 600,37.49416733,127.1045303,2020-06-04,0.0,10.0,QR
3588,세종대학교(영실관),광진구,능동로 209,37.55237198,127.0735397,2020-05-07,0.0,10.0,QR
1574,송중초등학교 옆,강북구,미아동 98-42,37.61669922,127.0304947,2020-05-05,0.0,8.0,QR
2746,수명산파크4단지411동 앞,강서구,내발산동 751-6,37.55134964,126.8249359,2020-06-18,0.0,10.0,QR
2745,수명초등학교,강서구,수명로1길 84,37.55312729,126.8237457,2020-05-28,0.0,9.0,QR
2550,양재동 꽃시장 건너편,서초구,양재동 351,37.46738434,127.0414581,2020-06-15,0.0,10.0,QR
795,양천 해누리타운,양천구,양천구 신정동 327-4,37.515419,126.8638,2020-04-20,0.0,10.0,QR
794,양천문화회관,양천구,양천구 신정동 323-1,37.516842,126.862953,2020-04-20,0.0,10.0,QR
3587,우성식품 앞,광진구,광나루로 592,37.54246521,127.0942307,2020-05-07,0.0,15.0,QR
1572,우이산 입구,강북구,우이동 207-14,37.66446304,127.0118408,2020-05-08,0.0,20.0,QR
2547,포드서초서비스센터앞,서초구,잠원동 55-1,37.51904678,127.0122833,2020-05-28,0.0,10.0,QR
1573,현대성우아파트 옆,강북구,미아동 670-33,37.61666489,127.02211,2020-05-05,0.0,10.0,QR
1268,몽촌토성역 1번출구 옆,송파구,서울특별시 송파구 방이동 88-21 ,37.51728821,127.1141968,2020-06-25,0.0,15.0,QR
1267,올림픽공원 남2문 앞,송파구,서울특별시 송파구 올림픽로 424,37.51424026,127.1230698,2020-06-25,0.0,15.0,QR
583,청계천 생태교실 앞,성동구,서울특별시 성동구 마장로39길 51,37.56797028,127.0468903,2020-06-30,0.0,5.0,QR
